symbol,shortName,longName,exchange,market,quoteType
BBCA.JK,Bank Central Asia Tbk.,PT Bank Central Asia Tbk,JKT,id_market,EQUITY
BBRI.JK,Bank Rakyat Indonesia (Persero),PT Bank Rakyat Indonesia (Persero) Tbk,JKT,id_market,EQUITY
TLKM.JK,Telkom Indonesia (Persero) Tbk.,Perusahaan Perseroan (Persero) PT Telekomunikasi Indonesia Tbk,JKT,id_market,EQUITY
BMRI.JK,Bank Mandiri (Persero) Tbk.,PT Bank Mandiri (Persero) Tbk,JKT,id_market,EQUITY
ARTO.JK,Bank Jago Tbk.,PT Bank Jago Tbk,JKT,id_market,EQUITY
ASII.JK,Astra International Tbk.,PT Astra International Tbk,JKT,id_market,EQUITY
UNVR.JK,Unilever Indonesia Tbk.,PT Unilever Indonesia Tbk,JKT,id_market,EQUITY
TPIA.JK,Chandra Asri Petrochemical Tbk.,PT. Chandra Asri Petrochemical Tbk,JKT,id_market,EQUITY
EMTK.JK,Elang Mahkota Teknologi Tbk.,PT Elang Mahkota Teknologi Tbk,JKT,id_market,EQUITY
BBNI.JK,Bank Negara Indonesia (Persero),PT Bank Negara Indonesia (Persero) Tbk,JKT,id_market,EQUITY
HMSP.JK,H.M. Sampoerna Tbk.,PT Hanjaya Mandala Sampoerna Tbk,JKT,id_market,EQUITY
ICBP.JK,Indofood CBP Sukses Makmur Tbk.,PT Indofood CBP Sukses Makmur Tbk,JKT,id_market,EQUITY
CPIN.JK,Charoen Pokphand Indonesia Tbk,PT Charoen Pokphand Indonesia Tbk,JKT,id_market,EQUITY
BYAN.JK,Bayan Resources Tbk.,PT Bayan Resources Tbk,JKT,id_market,EQUITY
MDKA.JK,Merdeka Copper Gold Tbk.,PT Merdeka Copper Gold Tbk,JKT,id_market,EQUITY
UNTR.JK,United Tractors Tbk.,PT United Tractors Tbk,JKT,id_market,EQUITY
BRPT.JK,Barito Pacific Tbk.,PT Barito Pacific Tbk,JKT,id_market,EQUITY
ADRO.JK,Adaro Energy Tbk.,PT Adaro Energy Tbk,JKT,id_market,EQUITY
KLBF.JK,Kalbe Farma Tbk.,PT Kalbe Farma Tbk.,JKT,id_market,EQUITY
SMMA.JK,Sinarmas Multiartha Tbk.,PT Sinar Mas Multiartha Tbk,JKT,id_market,EQUITY
BRIS.JK,Bank Syariah Indonesia Tbk.,PT Bank Syariah Indonesia Tbk,JKT,id_market,EQUITY
MTEL.JK,Dayamitra Telekomunikasi Tbk.,PT Dayamitra Telekomunikasi,JKT,id_market,EQUITY
TBIG.JK,Tower Bersama Infrastructure Tb,PT Tower Bersama Infrastructure Tbk,JKT,id_market,EQUITY
MEGA.JK,Bank Mega Tbk.,PT Bank Mega Tbk,JKT,id_market,EQUITY
GGRM.JK,Gudang Garam Tbk.,PT Gudang Garam Tbk,JKT,id_market,EQUITY
AVIA.JK,Avia Avian Tbk.,PT Avia Avian Tbk,JKT,id_market,EQUITY
INDF.JK,Indofood Sukses Makmur Tbk.,PT Indofood Sukses Makmur Tbk,JKT,id_market,EQUITY
BNLI.JK,Bank Permata Tbk.,PT Bank Permata Tbk,JKT,id_market,EQUITY
ANTM.JK,Aneka Tambang Tbk.,PT Aneka Tambang Tbk,JKT,id_market,EQUITY
TOWR.JK,Sarana Menara Nusantara Tbk.,PT Sarana Menara Nusantara Tbk.,JKT,id_market,EQUITY
TCPI.JK,TRANSCOAL PACIFIC TBK,PT Transcoal Pacific Tbk,JKT,id_market,EQUITY
BUKA.JK,Bukalapak.com Tbk.,PT Bukalapak.com Tbk,JKT,id_market,EQUITY
MYOR.JK,Mayora Indah Tbk.,PT Mayora Indah Tbk,JKT,id_market,EQUITY
AMRT.JK,Sumber Alfaria Trijaya Tbk.,PT Sumber Alfaria Trijaya Tbk,JKT,id_market,EQUITY
INKP.JK,Indah Kiat Pulp & Paper Tbk.,PT Indah Kiat Pulp & Paper Tbk,JKT,id_market,EQUITY
MASA.JK,Multistrada Arah Sarana Tbk.,PT Multistrada Arah Sarana Tbk,JKT,id_market,EQUITY
DNET.JK,Indoritel Makmur Internasional ,PT Indoritel Makmur Internasional Tbk.,JKT,id_market,EQUITY
INCO.JK,Vale Indonesia Tbk.,PT Vale Indonesia Tbk,JKT,id_market,EQUITY
GEMS.JK,Golden Energy Mines Tbk.,PT Golden Energy Mines Tbk,JKT,id_market,EQUITY
BEBS.JK,Berkah Beton Sadaya Tbk.,PT Berkah Beton Sadaya Tbk,JKT,id_market,EQUITY
BBHI.JK,Allo Bank Indonesia Tbk.,PT Allo Bank Indonesia Tbk,JKT,id_market,EQUITY
SMGR.JK,Semen Indonesia (Persero) Tbk.,PT Semen Indonesia (Persero) Tbk,JKT,id_market,EQUITY
INTP.JK,Indocement Tunggal Prakarsa Tbk,PT Indocement Tunggal Prakarsa Tbk,JKT,id_market,EQUITY
SRTG.JK,Saratoga Investama Sedaya Tbk.,PT Saratoga Investama Sedaya Tbk,JKT,id_market,EQUITY
DSSA.JK,Dian Swastatika Sentosa Tbk,PT Dian Swastatika Sentosa Tbk,JKT,id_market,EQUITY
ISAT.JK,Indosat Tbk.,PT Indosat Tbk,JKT,id_market,EQUITY
PGAS.JK,Perusahaan Gas Negara Tbk.,PT Perusahaan Gas Negara Tbk,JKT,id_market,EQUITY
EXCL.JK,XL Axiata Tbk.,PT XL Axiata Tbk,JKT,id_market,EQUITY
PTBA.JK,Bukit Asam Tbk.,PT Bukit Asam Tbk,JKT,id_market,EQUITY
MIKA.JK,Mitra Keluarga Karyasehat Tbk.,PT Mitra Keluarga Karyasehat Tbk,JKT,id_market,EQUITY
AGRO.JK,Bank Raya Indonesia Tbk.,PT Bank Rakyat Indonesia Agroniaga Tbk,JKT,id_market,EQUITY
BANK.JK,Bank Aladin Syariah Tbk.,PT Bank Aladin Syariah Tbk,JKT,id_market,EQUITY
JSMR.JK,Jasa Marga (Persero) Tbk.,PT Jasa Marga (Persero) Tbk,JKT,id_market,EQUITY
CASA.JK,Capital Financial Indonesia Tbk,PT Capital Financial Indonesia Tbk,JKT,id_market,EQUITY
SIDO.JK,Industri Jamu dan Farmasi Sido ,PT Industri Jamu dan Farmasi Sido Muncul Tbk,JKT,id_market,EQUITY
BTPS.JK,Bank BTPN Syariah Tbk.,PT Bank BTPN Syariah Tbk,JKT,id_market,EQUITY
HRUM.JK,Harum Energy Tbk.,PT Harum Energy Tbk,JKT,id_market,EQUITY
CMRY.JK,Cisarua Mountain Dairy Tbk.,PT Cisarua Mountain Dairy Tbk,JKT,id_market,EQUITY
FREN.JK,Smartfren Telecom Tbk.,PT Smartfren Telecom Tbk,JKT,id_market,EQUITY
BNII.JK,Bank Maybank Indonesia Tbk.,PT Bank Maybank Indonesia Tbk,JKT,id_market,EQUITY
BNGA.JK,Bank CIMB Niaga Tbk.,PT Bank CIMB Niaga Tbk,JKT,id_market,EQUITY
TKIM.JK,Pabrik Kertas Tjiwi Kimia Tbk.,PT Pabrik Kertas Tjiwi Kimia Tbk,JKT,id_market,EQUITY
ACES.JK,Ace Hardware Indonesia Tbk.,PT Ace Hardware Indonesia Tbk,JKT,id_market,EQUITY
BDMN.JK,Bank Danamon Indonesia Tbk.,PT Bank Danamon Indonesia Tbk,JKT,id_market,EQUITY
PWON.JK,Pakuwon Jati Tbk.,PT Pakuwon Jati Tbk,JKT,id_market,EQUITY
MSIN.JK,MNC Studios International Tbk.,PT. MNC Studios International Tbk.,JKT,id_market,EQUITY
ITMG.JK,Indo Tambangraya Megah Tbk.,PT Indo Tambangraya Megah Tbk,JKT,id_market,EQUITY
BBYB.JK,Bank Neo Commerce Tbk.,PT Bank Neo Commerce Tbk,JKT,id_market,EQUITY
BSDE.JK,Bumi Serpong Damai Tbk.,PT Bumi Serpong Damai Tbk,JKT,id_market,EQUITY
BINA.JK,Bank Ina Perdana Tbk.,PT Bank Ina Perdana Tbk,JKT,id_market,EQUITY
BTPN.JK,Bank BTPN Tbk.,PT Bank BTPN Tbk,JKT,id_market,EQUITY
DMMX.JK,Digital Mediatama Maxima Tbk.,PT Digital Mediatama Maxima Tbk,JKT,id_market,EQUITY
SCMA.JK,Surya Citra Media Tbk.,PT Surya Citra Media Tbk,JKT,id_market,EQUITY
AALI.JK,Astra Agro Lestari Tbk.,PT Astra Agro Lestari Tbk,JKT,id_market,EQUITY
FASW.JK,Fajar Surya Wisesa Tbk.,PT Fajar Surya Wisesa Tbk,JKT,id_market,EQUITY
GOOD.JK,Garudafood Putra Putri Jaya Tbk,PT Garudafood Putra Putri Jaya Tbk,JKT,id_market,EQUITY
CMNT.JK,Cemindo Gemilang Tbk.,PT Cemindo Gemilang Tbk,JKT,id_market,EQUITY
BBKP.JK,Bank KB Bukopin Tbk.,PT Bank KB Bukopin Tbk,JKT,id_market,EQUITY
BBTN.JK,Bank Tabungan Negara (Persero) ,PT Bank Tabungan Negara (Persero) Tbk,JKT,id_market,EQUITY
PNBN.JK,Bank Pan Indonesia Tbk,P.T. Bank Pan Indonesia Tbk,JKT,id_market,EQUITY
BFIN.JK,BFI Finance  Indonesia Tbk.,PT BFI Finance Indonesia Tbk,JKT,id_market,EQUITY
SUPR.JK,Solusi Tunas Pratama Tbk.,PT Solusi Tunas Pratama Tbk,JKT,id_market,EQUITY
CTRA.JK,Ciputra Development Tbk.,PT Ciputra Development Tbk,JKT,id_market,EQUITY
BSIM.JK,Bank Sinarmas Tbk.,PT Bank Sinarmas Tbk,JKT,id_market,EQUITY
AKRA.JK,AKR Corporindo Tbk.,PT AKR Corporindo Tbk,JKT,id_market,EQUITY
CARE.JK,Metro Healthcare Indonesia Tbk.,PT Metro Healthcare Indonesia Tbk,JKT,id_market,EQUITY
JPFA.JK,Japfa Comfeed Indonesia Tbk.,PT Japfa Comfeed Indonesia Tbk,JKT,id_market,EQUITY
MLBI.JK,Multi Bintang Indonesia Tbk.,PT Multi Bintang Indonesia Tbk,JKT,id_market,EQUITY
ULTJ.JK,Ultra Jaya Milk Industry & Trad,PT Ultrajaya Milk Industry & Trading Company Tbk,JKT,id_market,EQUITY
HEAL.JK,Medikaloka Hermina Tbk.,PT Medikaloka Hermina Tbk,JKT,id_market,EQUITY
SMCB.JK,Solusi Bangun Indonesia Tbk.,PT Solusi Bangun Indonesia Tbk,JKT,id_market,EQUITY
NISP.JK,Bank OCBC NISP Tbk.,PT Bank OCBC NISP Tbk,JKT,id_market,EQUITY
BBSI.JK,Bank Bisnis Internasional Tbk.,"PT Bank Bisnis Internasional, Tbk",JKT,id_market,EQUITY
SILO.JK,Siloam International Hospitals ,PT Siloam International Hospitals Tbk,JKT,id_market,EQUITY
KAEF.JK,Kimia Farma Tbk.,PT Kimia Farma (Persero) Tbk,JKT,id_market,EQUITY
IMPC.JK,Impack Pratama Industri Tbk.,PT Impack Pratama Industri Tbk,JKT,id_market,EQUITY
BJBR.JK,Bank Pembangunan Daerah Jawa Ba,PT Bank Pembangunan Daerah Jawa Barat dan Banten Tbk,JKT,id_market,EQUITY
BRMS.JK,Bumi Resources Minerals Tbk.,PT Bumi Resources Minerals Tbk,JKT,id_market,EQUITY
SMRA.JK,Summarecon Agung Tbk.,PT Summarecon Agung Tbk,JKT,id_market,EQUITY
MAPI.JK,Mitra Adiperkasa Tbk.,PT. Mitra Adiperkasa Tbk,JKT,id_market,EQUITY
APIC.JK,Pacific Strategic Financial Tbk,PT Pacific Strategic Financial Tbk,JKT,id_market,EQUITY
LIFE.JK,Asuransi Jiwa Sinarmas MSIG Tbk,PT Asuransi Jiwa Sinarmas MSIG Tbk,JKT,id_market,EQUITY
SMAR.JK,Smart Tbk.,PT Sinar Mas Agro Resources and Technology Tbk,JKT,id_market,EQUITY
MEDC.JK,Medco Energi Internasional Tbk.,PT Medco Energi Internasional Tbk,JKT,id_market,EQUITY
ASSA.JK,Adi Sarana Armada Tbk.,PT Adi Sarana Armada Tbk,JKT,id_market,EQUITY
MCOL.JK,Prima Andalan Mandiri Tbk.,PT Prima Andalan Mandiri Tbk,JKT,id_market,EQUITY
CITA.JK,Cita Mineral Investindo Tbk.,PT Cita Mineral Investindo Tbk,JKT,id_market,EQUITY
TAPG.JK,Triputra Agro Persada Tbk.,PT Triputra Agro Persada Tbk,JKT,id_market,EQUITY
ARCI.JK,Archi Indonesia Tbk.,PT Archi Indonesia Tbk,JKT,id_market,EQUITY
FAPA.JK,FAP Agri Tbk.,PT FAP Agri Tbk,JKT,id_market,EQUITY
BSSR.JK,Baramulti Suksessarana Tbk.,PT Baramulti Suksessarana Tbk,JKT,id_market,EQUITY
BJTM.JK,Bank Pembangunan Daerah Jawa Ti,PT Bank Pembangunan Daerah Jawa Timur Tbk,JKT,id_market,EQUITY
MNCN.JK,Media Nusantara Citra Tbk.,PT. Media Nusantara Citra Tbk,JKT,id_market,EQUITY
LINK.JK,Link Net Tbk.,PT Link Net Tbk,JKT,id_market,EQUITY
LPPF.JK,Matahari Department Store Tbk.,PT Matahari Department Store Tbk,JKT,id_market,EQUITY
TINS.JK,Timah Tbk.,PT TIMAH Tbk,JKT,id_market,EQUITY
WIKA.JK,Wijaya Karya (Persero) Tbk.,PT Wijaya Karya (Persero) Tbk.,JKT,id_market,EQUITY
GGRP.JK,Gunung Raja Paksi Tbk.,PT Gunung Raja Paksi Tbk,JKT,id_market,EQUITY
POWR.JK,Cikarang Listrindo Tbk.,PT Cikarang Listrindo Tbk,JKT,id_market,EQUITY
SSMS.JK,Sawit Sumbermas Sarana Tbk.,PT Sawit Sumbermas Sarana Tbk.,JKT,id_market,EQUITY
STTP.JK,Siantar Top Tbk.,PT Siantar Top Tbk,JKT,id_market,EQUITY
LPKR.JK,Lippo Karawaci Tbk.,PT Lippo Karawaci Tbk,JKT,id_market,EQUITY
MTDL.JK,Metrodata Electronics Tbk.,PT Metrodata Electronics Tbk,JKT,id_market,EQUITY
TOBA.JK,TBS Energi Utama Tbk.,PT TBS Energi Utama Tbk,JKT,id_market,EQUITY
SOHO.JK,Soho Global Health Tbk.,PT Soho Global Health Tbk,JKT,id_market,EQUITY
DMAS.JK,Puradelta Lestari Tbk.,PT Puradelta Lestari Tbk,JKT,id_market,EQUITY
ERAA.JK,Erajaya Swasembada Tbk.,PT Erajaya Swasembada Tbk,JKT,id_market,EQUITY
CMNP.JK,Citra Marga Nusaphala Persada T,PT Citra Marga Nusaphala Persada Tbk,JKT,id_market,EQUITY
EDGE.JK,Indointernet Tbk.,PT Indointernet Tbk.,JKT,id_market,EQUITY
INDY.JK,Indika Energy Tbk.,PT. Indika Energy Tbk,JKT,id_market,EQUITY
BNBA.JK,Bank Bumi Arta Tbk.,P.T. Bank Bumi Arta Tbk,JKT,id_market,EQUITY
MCAS.JK,M Cash Integrasi Tbk.,PT M Cash Integrasi Tbk,JKT,id_market,EQUITY
WSKT.JK,Waskita Karya (Persero) Tbk.,PT Waskita Karya (Persero) Tbk,JKT,id_market,EQUITY
DMND.JK,Diamond Food Indonesia Tbk.,PT Diamond Food Indonesia Tbk,JKT,id_market,EQUITY
BMAS.JK,Bank Maspion Indonesia Tbk.,PT Bank Maspion Indonesia Tbk,JKT,id_market,EQUITY
TFAS.JK,Telefast Indonesia Tbk.,PT Telefast Indonesia Tbk,JKT,id_market,EQUITY
POLL.JK,Pollux Properties Indonesia Tbk,PT Pollux Properties Indonesia Tbk,JKT,id_market,EQUITY
IBST.JK,Inti Bangun Sejahtera Tbk.,"PT. Inti Bangun Sejahtera, Tbk.",JKT,id_market,EQUITY
PRDA.JK,Prodia Widyahusada Tbk.,PT Prodia Widyahusada Tbk,JKT,id_market,EQUITY
BBMD.JK,Bank Mestika Dharma Tbk.,PT Bank Mestika Dharma Tbk,JKT,id_market,EQUITY
SMSM.JK,Selamat Sempurna Tbk.,PT Selamat Sempurna Tbk,JKT,id_market,EQUITY
LSIP.JK,PP London Sumatra Indonesia Tbk,PT Perusahaan Perkebunan London Sumatra Indonesia Tbk,JKT,id_market,EQUITY
ROTI.JK,Nippon Indosari Corpindo Tbk.,PT Nippon Indosari Corpindo Tbk,JKT,id_market,EQUITY
TECH.JK,Indosterling Technomedia Tbk.,PT Indosterling Technomedia TBK,JKT,id_market,EQUITY
KRAS.JK,Krakatau Steel (Persero) Tbk.,PT Krakatau Steel (Persero) Tbk,JKT,id_market,EQUITY
MPRO.JK,Maha Properti Indonesia Tbk.,PT Maha Properti Indonesia Tbk,JKT,id_market,EQUITY
FILM.JK,MD Pictures Tbk.,PT MD Pictures Tbk,JKT,id_market,EQUITY
HERO.JK,Hero Supermarket Tbk.,PT Hero Supermarket Tbk,JKT,id_market,EQUITY
ESSA.JK,Surya Esa Perkasa Tbk.,PT Surya Esa Perkasa Tbk,JKT,id_market,EQUITY
ADMF.JK,Adira Dinamika Multi Finance Tb,PT Adira Dinamika Multi Finance Tbk,JKT,id_market,EQUITY
MAYA.JK,Bank Mayapada Internasional Tbk,PT Bank Mayapada Internasional Tbk,JKT,id_market,EQUITY
EPMT.JK,Enseval Putera Megatrading Tbk.,PT Enseval Putera Megatrading Tbk.,JKT,id_market,EQUITY
INPP.JK,Indonesian Paradise Property Tb,PT Indonesian Paradise Property Tbk,JKT,id_market,EQUITY
TURI.JK,Tunas Ridean Tbk.,PT Tunas Ridean Tbk,JKT,id_market,EQUITY
KPIG.JK,MNC Land Tbk.,PT MNC Land Tbk,JKT,id_market,EQUITY
CENT.JK,Centratama Telekomunikasi Indon,PT Centratama Telekomunikasi Indonesia Tbk,JKT,id_market,EQUITY
SIMP.JK,Salim Ivomas Pratama Tbk.,PT Salim Ivomas Pratama Tbk,JKT,id_market,EQUITY
MLPT.JK,Multipolar Technology Tbk.,PT Multipolar Technology Tbk,JKT,id_market,EQUITY
PLIN.JK,Plaza Indonesia Realty Tbk.,PT Plaza Indonesia Realty Tbk,JKT,id_market,EQUITY
TMAS.JK,Temas Tbk.,PT Temas Tbk.,JKT,id_market,EQUITY
BMHS.JK,Bundamedik Tbk.,PT Bundamedik Tbk,JKT,id_market,EQUITY
JRPT.JK,Jaya Real Property Tbk.,"PT Jaya Real Property, Tbk.",JKT,id_market,EQUITY
INAF.JK,Indofarma Tbk.,PT Indofarma Tbk,JKT,id_market,EQUITY
MAPA.JK,Map Aktif Adiperkasa Tbk.,PT Map Aktif Adiperkasa Tbk,JKT,id_market,EQUITY
TSPC.JK,Tempo Scan Pacific Tbk.,PT Tempo Scan Pacific Tbk,JKT,id_market,EQUITY
PTPP.JK,PP (Persero) Tbk.,PT PP (Persero) Tbk,JKT,id_market,EQUITY
MIDI.JK,Midi Utama Indonesia Tbk.,PT Midi Utama Indonesia Tbk,JKT,id_market,EQUITY
TGKA.JK,Tigaraksa Satria Tbk.,PT Tigaraksa Satria Tbk,JKT,id_market,EQUITY
SAME.JK,Sarana Meditama Metropolitan Tb,PT Sarana Meditama Metropolitan Tbk,JKT,id_market,EQUITY
DUTI.JK,Duta Pertiwi Tbk,PT Duta Pertiwi Tbk,JKT,id_market,EQUITY
ARNA.JK,Arwana Citramulia Tbk.,PT Arwana Citramulia Tbk,JKT,id_market,EQUITY
SMBR.JK,Semen Baturaja (Persero) Tbk.,PT Semen Baturaja (Persero) Tbk,JKT,id_market,EQUITY
UCID.JK,Uni-Charm Indonesia Tbk.,PT Uni-Charm Indonesia Tbk,JKT,id_market,EQUITY
NATO.JK,Surya Permata Andalan Tbk.,PT Surya Permata Andalan Tbk,JKT,id_market,EQUITY
CPRO.JK,Central Proteina Prima Tbk.,PT Central Proteina Prima Tbk,JKT,id_market,EQUITY
NFCX.JK,NFC Indonesia Tbk.,PT NFC Indonesia Tbk,JKT,id_market,EQUITY
SAMF.JK,Saraswanti Anugerah Makmur Tbk.,"PT Saraswanti Anugerah Makmur, Tbk",JKT,id_market,EQUITY
PALM.JK,Provident Agro Tbk.,PT Provident Agro Tbk,JKT,id_market,EQUITY
PNLF.JK,Panin Financial Tbk.,PT Panin Financial Tbk,JKT,id_market,EQUITY
AUTO.JK,Astra Otoparts Tbk.,PT Astra Otoparts Tbk,JKT,id_market,EQUITY
UNIC.JK,Unggul Indah Cahaya Tbk.,PT Unggul Indah Cahaya Tbk,JKT,id_market,EQUITY
CLEO.JK,Sariguna Primatirta Tbk.,PT Sariguna Primatirta Tbk,JKT,id_market,EQUITY
BOGA.JK,Bintang Oto Global Tbk.,PT Bintang Oto Global Tbk,JKT,id_market,EQUITY
DSNG.JK,Dharma Satya Nusantara Tbk.,PT Dharma Satya Nusantara Tbk,JKT,id_market,EQUITY
IPTV.JK,MNC Vision Networks Tbk.,PT MNC Vision Networks Tbk,JKT,id_market,EQUITY
BUMI.JK,Bumi Resources Tbk.,PT Bumi Resources Tbk,JKT,id_market,EQUITY
BHAT.JK,Bhakti Multi Artha Tbk.,PT Bhakti Multi Artha Tbk,JKT,id_market,EQUITY
IFSH.JK,Ifishdeco Tbk.,PT Ifishdeco Tbk,JKT,id_market,EQUITY
BRAM.JK,Indo Kordsa Tbk.,PT Indo Kordsa Tbk,JKT,id_market,EQUITY
WOOD.JK,Integra Indocabinet Tbk.,PT Integra Indocabinet Tbk,JKT,id_market,EQUITY
BABP.JK,Bank MNC Internasional Tbk.,PT Bank MNC Internasional Tbk,JKT,id_market,EQUITY
MPMX.JK,Mitra Pinasthika Mustika Tbk.,PT Mitra Pinasthika Mustika Tbk,JKT,id_market,EQUITY
BHIT.JK,MNC Investama Tbk.,PT MNC Investama Tbk,JKT,id_market,EQUITY
ABDA.JK,Asuransi Bina Dana Arta Tbk.,PT Asuransi Bina Dana Arta Tbk,JKT,id_market,EQUITY
MARK.JK,Mark Dynamics Indonesia Tbk.,PT Mark Dynamics Indonesia Tbk,JKT,id_market,EQUITY
MLPL.JK,Multipolar Tbk.,PT Multipolar Tbk,JKT,id_market,EQUITY
SDRA.JK,Bank Woori Saudara Indonesia 19,PT Bank Woori Saudara Indonesia 1906 Tbk,JKT,id_market,EQUITY
PSGO.JK,Palma Serasih Tbk.,PT Palma Serasih Tbk,JKT,id_market,EQUITY
RALS.JK,Ramayana Lestari Sentosa Tbk.,PT Ramayana Lestari Sentosa Tbk,JKT,id_market,EQUITY
AGII.JK,Aneka Gas Industri Tbk.,PT Aneka Gas Industri Tbk,JKT,id_market,EQUITY
AMOR.JK,Ashmore Asset Management Indone,PT Ashmore Asset Management Indonesia Tbk,JKT,id_market,EQUITY
MBAP.JK,Mitrabara Adiperdana Tbk.,PT Mitrabara Adiperdana Tbk,JKT,id_market,EQUITY
MASB.JK,Bank Multiarta Sentosa Tbk.,PT Bank Multiarta Sentosa,JKT,id_market,EQUITY
WMPP.JK,Widodo Makmur Perkasa Tbk.,PT Widodo Makmur Perkasa Tbk,JKT,id_market,EQUITY
MSKY.JK,MNC Sky Vision Tbk.,PT MNC Sky Vision Tbk,JKT,id_market,EQUITY
MCOR.JK,Bank China Construction Bank In,PT Bank China Construction Bank Indonesia Tbk,JKT,id_market,EQUITY
DNAR.JK,Bank Oke Indonesia Tbk.,PT Bank Oke Indonesia Tbk,JKT,id_market,EQUITY
TBLA.JK,Tunas Baru Lampung Tbk.,PT Tunas Baru Lampung Tbk,JKT,id_market,EQUITY
BMTR.JK,Global Mediacom Tbk.,PT. Global Mediacom Tbk,JKT,id_market,EQUITY
UFOE.JK,Damai Sejahtera Abadi Tbk.,PT Damai Sejahtera Abadi Tbk,JKT,id_market,EQUITY
RISE.JK,Jaya Sukses Makmur Sentosa Tbk.,PT Jaya Sukses Makmur Sentosa Tbk,JKT,id_market,EQUITY
MMLP.JK,Mega Manunggal Property Tbk.,PT Mega Manunggal Property Tbk,JKT,id_market,EQUITY
FAST.JK,Fast Food Indonesia Tbk.,PT Fast Food Indonesia Tbk,JKT,id_market,EQUITY
ABMM.JK,ABM Investama Tbk.,PT ABM Investama Tbk,JKT,id_market,EQUITY
HEXA.JK,Hexindo Adiperkasa Tbk.,PT Hexindo Adiperkasa Tbk,JKT,id_market,EQUITY
BKSW.JK,Bank QNB Indonesia Tbk.,PT Bank QNB Indonesia Tbk,JKT,id_market,EQUITY
SRAJ.JK,Sejahteraraya Anugrahjaya Tbk.,PT Sejahteraraya Anugrahjaya Tbk,JKT,id_market,EQUITY
MYOH.JK,Samindo Resources Tbk.,PT Samindo Resources Tbk,JKT,id_market,EQUITY
SGRO.JK,Sampoerna Agro Tbk.,PT Sampoerna Agro Tbk,JKT,id_market,EQUITY
BPII.JK,Batavia Prosperindo Internasion,PT Batavia Prosperindo Internasional Tbk,JKT,id_market,EQUITY
AMAR.JK,Bank Amar Indonesia Tbk.,PT Bank Amar Indonesia Tbk,JKT,id_market,EQUITY
BKSL.JK,Sentul City Tbk.,PT Sentul City Tbk,JKT,id_market,EQUITY
PPRO.JK,PP Properti Tbk.,PT Pembangunan Perumahan Properti Tbk,JKT,id_market,EQUITY
CMPP.JK,,PT AirAsia Indonesia Tbk,JKT,id_market,EQUITY
IMJS.JK,Indomobil Multi Jasa Tbk.,PT Indomobil Multi Jasa Tbk,JKT,id_market,EQUITY
BOLA.JK,Bali Bintang Sejahtera Tbk.,PT Bali Bintang Sejahtera Tbk,JKT,id_market,EQUITY
BUKK.JK,Bukaka Teknik Utama Tbk.,PT Bukaka Teknik Utama Tbk.,JKT,id_market,EQUITY
MAPB.JK,MAP Boga Adiperkasa Tbk.,PT. Map Boga Adiperkasa Tbk,JKT,id_market,EQUITY
IMAS.JK,Indomobil Sukses Internasional ,PT Indomobil Sukses Internasional Tbk,JKT,id_market,EQUITY
SMDR.JK,Samudera Indonesia  Tbk.,PT Samudera Indonesia Tbk,JKT,id_market,EQUITY
VICI.JK,Victoria Care Indonesia Tbk.,PT Victoria Care Indonesia Tbk,JKT,id_market,EQUITY
BIRD.JK,Blue Bird Tbk.,PT Blue Bird Tbk,JKT,id_market,EQUITY
PSAB.JK,J Resources Asia Pasifik Tbk.,PT J Resources Asia Pasifik Tbk,JKT,id_market,EQUITY
DRMA.JK,Dharma Polimetal Tbk.,PT Dharma Polimetal Tbk,JKT,id_market,EQUITY
NIRO.JK,City Retail Developments Tbk.,PT City Retail Developments Tbk,JKT,id_market,EQUITY
ADHI.JK,Adhi Karya (Persero) Tbk.,PT Adhi Karya (Persero) Tbk,JKT,id_market,EQUITY
KIJA.JK,Kawasan Industri Jababeka Tbk.,PT Kawasan Industri Jababeka Tbk,JKT,id_market,EQUITY
BALI.JK,Bali Towerindo Sentra Tbk.,PT Bali Towerindo Sentra Tbk,JKT,id_market,EQUITY
FISH.JK,FKS Multi Agro Tbk.,PT FKS Multi Agro Tbk,JKT,id_market,EQUITY
ANJT.JK,Austindo Nusantara Jaya Tbk.,PT Austindo Nusantara Jaya Tbk,JKT,id_market,EQUITY
IRRA.JK,Itama Ranoraya Tbk.,PT Itama Ranoraya Tbk,JKT,id_market,EQUITY
DEPO.JK,Caturkarda Depo Bangunan Tbk.,PT Caturkarda Depo Bangunan Tbk,JKT,id_market,EQUITY
YULE.JK,Yulie Sekuritas Indonesia Tbk.,PT Yulie Sekuritas Indonesia Tbk,JKT,id_market,EQUITY
LPCK.JK,Lippo Cikarang Tbk,PT Lippo Cikarang Tbk,JKT,id_market,EQUITY
PEGE.JK,Panca Global Kapital Tbk.,PT Panca Global Kapital Tbk,JKT,id_market,EQUITY
TFCO.JK,Tifico Fiber Indonesia Tbk.,PT Tifico Fiber Indonesia Tbk,JKT,id_market,EQUITY
PNBS.JK,Bank Panin Dubai Syariah Tbk.,PT Bank Panin Dubai Syariah Tbk,JKT,id_market,EQUITY
ASRI.JK,Alam Sutera Realty Tbk.,PT Alam Sutera Realty Tbk,JKT,id_market,EQUITY
NOBU.JK,Bank Nationalnobu Tbk.,PT Bank Nationalnobu Tbk,JKT,id_market,EQUITY
KINO.JK,Kino Indonesia Tbk.,PT Kino Indonesia Tbk,JKT,id_market,EQUITY
DVLA.JK,Darya-Varia Laboratoria Tbk.,PT Darya-Varia Laboratoria Tbk,JKT,id_market,EQUITY
BULL.JK,Buana Lintas Lautan Tbk.,PT Buana Lintas Lautan Tbk,JKT,id_market,EQUITY
MPPA.JK,Matahari Putra Prima Tbk.,PT Matahari Putra Prima Tbk,JKT,id_market,EQUITY
PBID.JK,Panca Budi Idaman Tbk.,PT Panca Budi Idaman Tbk,JKT,id_market,EQUITY
BESS.JK,Batulicin Nusantara Maritim Tbk,PT Batulicin Nusantara Maritim Tbk,JKT,id_market,EQUITY
BISI.JK,BISI International Tbk.,PT BISI International Tbk,JKT,id_market,EQUITY
MGRO.JK,Mahkota Group Tbk.,PT Mahkota Group Tbk,JKT,id_market,EQUITY
DLTA.JK,Delta Djakarta Tbk.,PT Delta Djakarta Tbk,JKT,id_market,EQUITY
CSMI.JK,Cipta Selera Murni Tbk.,PT Cipta Selera Murni Tbk,JKT,id_market,EQUITY
ISSP.JK,Steel Pipe Industry of Indonesi,PT Steel Pipe Industry of Indonesia Tbk,JKT,id_market,EQUITY
TUGU.JK,Asuransi Tugu Pratama Indonesia,PT Asuransi Tugu Pratama Indonesia Tbk,JKT,id_market,EQUITY
MFIN.JK,Mandala Multifinance Tbk.,Pt Mandala Multifinance Tbk,JKT,id_market,EQUITY
RANC.JK,Supra Boga Lestari Tbk.,PT Supra Boga Lestari Tbk,JKT,id_market,EQUITY
POLI.JK,Pollux Hotels Group Tbk.,PT Pollux Investasi Internasional Tbk,JKT,id_market,EQUITY
MTLA.JK,Metropolitan Land Tbk.,PT Metropolitan Land Tbk,JKT,id_market,EQUITY
AGRS.JK,Bank IBK Indonesia Tbk.,PT Bank IBK Indonesia Tbk,JKT,id_market,EQUITY
WSBP.JK,Waskita Beton Precast Tbk.,PT Waskita Beton Precast Tbk,JKT,id_market,EQUITY
KMTR.JK,Kirana Megatara Tbk.,PT Kirana Megatara Tbk,JKT,id_market,EQUITY
PNIN.JK,Paninvest Tbk.,PT Paninvest Tbk,JKT,id_market,EQUITY
SURE.JK,Super Energy Tbk.,PT Super Energy Tbk,JKT,id_market,EQUITY
APLN.JK,Agung Podomoro Land Tbk.,PT Agung Podomoro Land Tbk,JKT,id_market,EQUITY
INDR.JK,Indo-Rama Synthetics Tbk.,PT. Indo-Rama Synthetics Tbk,JKT,id_market,EQUITY
BLTZ.JK,Graha Layar Prima Tbk.,PT Graha Layar Prima Tbk,JKT,id_market,EQUITY
MLIA.JK,Mulia Industrindo Tbk,PT Mulia Industrindo Tbk,JKT,id_market,EQUITY
ACST.JK,Acset Indonusa Tbk.,PT Acset Indonusa Tbk,JKT,id_market,EQUITY
HITS.JK,Humpuss Intermoda Transportasi ,PT Humpuss Intermoda Transportasi Tbk.,JKT,id_market,EQUITY
ZINC.JK,Kapuas Prima Coal Tbk.,PT Kapuas Prima Coal Tbk,JKT,id_market,EQUITY
BGTG.JK,Bank Ganesha Tbk.,PT Bank Ganesha Tbk,JKT,id_market,EQUITY
SHIP.JK,Sillo Maritime Perdana Tbk.,PT Sillo Maritime Perdana Tbk,JKT,id_market,EQUITY
INPC.JK,Bank Artha Graha Internasional ,PT Bank Artha Graha Internasional Tbk,JKT,id_market,EQUITY
TRIM.JK,Trimegah Sekuritas Indonesia Tb,PT Trimegah Sekuritas Indonesia Tbk,JKT,id_market,EQUITY
FPNI.JK,Lotte Chemical Titan Tbk.,PT Lotte Chemical Titan Tbk,JKT,id_market,EQUITY
SIPD.JK,Sreeya Sewu Indonesia Tbk.,PT Sreeya Sewu Indonesia Tbk,JKT,id_market,EQUITY
BPFI.JK,Batavia Prosperindo Finance Tbk,PT Batavia Prosperindo Finance Tbk,JKT,id_market,EQUITY
NIKL.JK,Pelat Timah Nusantara Tbk.,PT Pelat Timah Nusantara Tbk,JKT,id_market,EQUITY
GJTL.JK,Gajah Tunggal Tbk.,PT. Gajah Tunggal Tbk,JKT,id_market,EQUITY
BWPT.JK,Eagle High Plantations Tbk.,PT Eagle High Plantations Tbk,JKT,id_market,EQUITY
BCAP.JK,MNC Kapital Indonesia Tbk.,PT MNC Kapital Indonesia Tbk,JKT,id_market,EQUITY
BTEK.JK,Bumi Teknokultura Unggul Tbk,PT Bumi Teknokultura Unggul Tbk,JKT,id_market,EQUITY
ASMI.JK,Asuransi Maximus Graha Persada ,PT Asuransi Kresna Mitra Tbk,JKT,id_market,EQUITY
MARI.JK,Mahaka Radio Integra Tbk.,PT Mahaka Radio Integra Tbk,JKT,id_market,EQUITY
CSAP.JK,Catur Sentosa Adiprana Tbk.,PT Catur Sentosa Adiprana Tbk,JKT,id_market,EQUITY
MREI.JK,Maskapai Reasuransi Indonesia T,PT Maskapai Reasuransi Indonesia Tbk,JKT,id_market,EQUITY
BIPI.JK,Astrindo Nusantara Infrastruktu,PT Astrindo Nusantara Infrastruktur Tbk,JKT,id_market,EQUITY
SPMA.JK,Suparma Tbk.,PT Suparma Tbk,JKT,id_market,EQUITY
PTRO.JK,Petrosea Tbk.,PT Petrosea Tbk,JKT,id_market,EQUITY
TIFA.JK,KDB Tifa Finance Tbk.,PT KDB Tifa Finance Tbk,JKT,id_market,EQUITY
TOTO.JK,Surya Toto Indonesia Tbk.,PT Surya Toto Indonesia Tbk,JKT,id_market,EQUITY
WTON.JK,Wijaya Karya Beton Tbk.,PT Wijaya Karya Beton Tbk,JKT,id_market,EQUITY
ELTY.JK,Bakrieland Development Tbk.,PT Bakrieland Development Tbk,JKT,id_market,EQUITY
PSSI.JK,Pelita Samudera Shipping Tbk.,PT Pelita Samudera Shipping Tbk,JKT,id_market,EQUITY
SCCO.JK,Supreme Cable Manufacturing & C,PT Supreme Cable Manufacturing & Commerce Tbk,JKT,id_market,EQUITY
DOID.JK,Delta Dunia Makmur Tbk.,PT Delta Dunia Makmur Tbk,JKT,id_market,EQUITY
CLAY.JK,Citra Putra Realty Tbk.,PT Citra Putra Realty Tbk,JKT,id_market,EQUITY
ADES.JK,Akasha Wira International Tbk.,PT Akasha Wira International Tbk,JKT,id_market,EQUITY
PORT.JK,Nusantara Pelabuhan Handal Tbk.,PT Nusantara Pelabuhan Handal Tbk,JKT,id_market,EQUITY
SSIA.JK,Surya Semesta Internusa Tbk.,PT Surya Semesta Internusa Tbk,JKT,id_market,EQUITY
SFAN.JK,Surya Fajar Capital Tbk.,PT Surya Fajar Capital Tbk,JKT,id_market,EQUITY
AMAN.JK,Makmur Berkah Amanda Tbk.,PT Makmur Berkah Amanda Tbk,JKT,id_market,EQUITY
BVIC.JK,Bank Victoria International Tbk,PT Bank Victoria International Tbk,JKT,id_market,EQUITY
AMFG.JK,Asahimas Flat Glass Tbk.,PT Asahimas Flat Glass Tbk,JKT,id_market,EQUITY
ELSA.JK,Elnusa Tbk.,PT Elnusa Tbk,JKT,id_market,EQUITY
META.JK,Nusantara Infrastructure Tbk.,PT Nusantara Infrastructure Tbk,JKT,id_market,EQUITY
GSMF.JK,Equity Development Investment T,PT Equity Development Investment Tbk,JKT,id_market,EQUITY
PZZA.JK,Sarimelati Kencana Tbk.,PT Sarimelati Kencana Tbk.,JKT,id_market,EQUITY
CTBN.JK,Citra Tubindo Tbk.,PT Citra Tubindo Tbk,JKT,id_market,EQUITY
VICO.JK,Victoria Investama Tbk.,PT Victoria Investama Tbk,JKT,id_market,EQUITY
GMFI.JK,Garuda Maintenance Facility Aer,PT Garuda Maintenance Facility Aero Asia Tbk,JKT,id_market,EQUITY
PGUN.JK,Pradiksi Gunatama Tbk.,PT Pradiksi Gunatama Tbk,JKT,id_market,EQUITY
MDIA.JK,Intermedia Capital Tbk.,PT Intermedia Capital Tbk,JKT,id_market,EQUITY
WMUU.JK,Widodo Makmur Unggas Tbk.,PT Widodo Makmur Unggas Tbk,JKT,id_market,EQUITY
JKON.JK,Jaya Konstruksi Manggala Pratam,PT Jaya Konstruksi Manggala Pratama Tbk,JKT,id_market,EQUITY
PMJS.JK,Putra Mandiri Jembar Tbk.,PT Putra Mandiri Jembar Tbk,JKT,id_market,EQUITY
RDTX.JK,Roda Vivatex Tbk,PT Roda Vivatex Tbk,JKT,id_market,EQUITY
MBSS.JK,Mitrabahtera Segara Sejati Tbk.,PT Mitrabahtera Segara Sejati Tbk,JKT,id_market,EQUITY
TAMU.JK,Pelayaran Tamarin Samudra Tbk.,PT Pelayaran Tamarin Samudra Tbk,JKT,id_market,EQUITY
SGER.JK,Sumber Global Energy Tbk.,PT Sumber Global Energy Tbk,JKT,id_market,EQUITY
WEGE.JK,Wijaya Karya Bangunan Gedung Tb,PT Wijaya Karya Bangunan Gedung Tbk.,JKT,id_market,EQUITY
SMKL.JK,Satyamitra Kemas Lestari Tbk.,PT Satyamitra Kemas Lestari Tbk,JKT,id_market,EQUITY
APEX.JK,Apexindo Pratama Duta Tbk.,PT Apexindo Pratama Duta Tbk,JKT,id_market,EQUITY
URBN.JK,Urban Jakarta Propertindo Tbk.,PT Urban Jakarta Propertindo Tbk,JKT,id_market,EQUITY
JTPE.JK,Jasuindo Tiga Perkasa Tbk.,PT Jasuindo Tiga Perkasa Tbk,JKT,id_market,EQUITY
PPRE.JK,PP Presisi Tbk.,PT PP Presisi Tbk,JKT,id_market,EQUITY
SLIS.JK,Gaya Abadi Sempurna Tbk.,PT Gaya Abadi Sempurna Tbk,JKT,id_market,EQUITY
BACA.JK,Bank Capital Indonesia Tbk.,PT Bank Capital Indonesia Tbk,JKT,id_market,EQUITY
KEJU.JK,Mulia Boga Raya Tbk.,PT Mulia Boga Raya Tbk,JKT,id_market,EQUITY
BOLT.JK,Garuda Metalindo Tbk.,PT Garuda Metalindo Tbk,JKT,id_market,EQUITY
MERK.JK,Merck Tbk.,PT Merck Tbk,JKT,id_market,EQUITY
JSPT.JK,Jakarta Setiabudi Internasional,PT Jakarta Setiabudi Internasional Tbk,JKT,id_market,EQUITY
DWGL.JK,Dwi Guna Laksana Tbk.,PT Dwi Guna Laksana Tbk,JKT,id_market,EQUITY
SPTO.JK,Surya Pertiwi Tbk.,PT Surya Pertiwi Tbk,JKT,id_market,EQUITY
CAMP.JK,Campina Ice Cream Industry Tbk.,"PT Campina Ice Cream Industry, Tbk.",JKT,id_market,EQUITY
HOKI.JK,Buyung Poetra Sembada Tbk.,PT Buyung Poetra Sembada Tbk,JKT,id_market,EQUITY
AMAG.JK,Asuransi Multi Artha Guna Tbk.,PT Asuransi Multi Artha Guna Tbk,JKT,id_market,EQUITY
TOPS.JK,Totalindo Eka Persada Tbk.,PT Totalindo Eka Persada Tbk,JKT,id_market,EQUITY
SONA.JK,Sona Topas Tourism Industry Tbk,PT Sona Topas Tourism Industry Tbk,JKT,id_market,EQUITY
KEEN.JK,Kencana Energi Lestari Tbk.,PT Kencana Energi Lestari Tbk,JKT,id_market,EQUITY
KREN.JK,Kresna Graha Investama Tbk.,PT Kresna Graha Investama Tbk,JKT,id_market,EQUITY
TRST.JK,Trias Sentosa Tbk.,PT Trias Sentosa Tbk,JKT,id_market,EQUITY
MTFN.JK,Capitalinc Investment Tbk.,PT Capitalinc Investment Tbk,JKT,id_market,EQUITY
RSGK.JK,Kedoya Adyaraya Tbk.,PT Kedoya Adyaraya Tbk,JKT,id_market,EQUITY
DILD.JK,Intiland Development Tbk.,PT Intiland Development Tbk,JKT,id_market,EQUITY
IPCM.JK,Jasa Armada Indonesia Tbk.,PT Jasa Armada Indonesia Tbk,JKT,id_market,EQUITY
ATIC.JK,Anabatic Technologies Tbk.,PT Anabatic Technologies Tbk,JKT,id_market,EQUITY
PTSP.JK,Pioneerindo Gourmet Internation,PT Pioneerindo Gourmet International Tbk,JKT,id_market,EQUITY
MAIN.JK,Malindo Feedmill Tbk.,PT Malindo Feedmill Tbk,JKT,id_market,EQUITY
ALDO.JK,Alkindo Naratama Tbk.,PT Alkindo Naratama Tbk,JKT,id_market,EQUITY
OMRE.JK,Indonesia Prima Property Tbk,PT Indonesia Prima Property Tbk,JKT,id_market,EQUITY
SKLT.JK,Sekar Laut Tbk.,PT Sekar Laut Tbk,JKT,id_market,EQUITY
IFII.JK,Indonesia Fibreboard Industry T,PT Indonesia Fibreboard Industry Tbk,JKT,id_market,EQUITY
BCIC.JK,Bank JTrust Indonesia Tbk.,PT Bank JTrust Indonesia Tbk,JKT,id_market,EQUITY
PRIM.JK,Royal Prima Tbk.,PT Royal Prima Tbk,JKT,id_market,EQUITY
INDS.JK,Indospring Tbk.,PT Indospring Tbk,JKT,id_market,EQUITY
SOCI.JK,Soechi Lines Tbk.,PT Soechi Lines Tbk,JKT,id_market,EQUITY
KKGI.JK,Resource Alam Indonesia Tbk.,PT Resource Alam Indonesia Tbk,JKT,id_market,EQUITY
SKRN.JK,Superkrane Mitra Utama Tbk.,PT Superkrane Mitra Utama Tbk,JKT,id_market,EQUITY
GWSA.JK,Greenwood Sejahtera Tbk.,PT Greenwood Sejahtera Tbk,JKT,id_market,EQUITY
DIVA.JK,Distribusi Voucher Nusantara Tb,PT Distribusi Voucher Nusantara Tbk,JKT,id_market,EQUITY
BLTA.JK,Berlian Laju Tanker Tbk,PT Berlian Laju Tanker Tbk,JKT,id_market,EQUITY
GHON.JK,Gihon Telekomunikasi Indonesia ,PT Gihon Telekomunikasi Indonesia Tbk,JKT,id_market,EQUITY
HOMI.JK,Grand House Mulia Tbk.,PT Grand House Mulia Tbk,JKT,id_market,EQUITY
PTSN.JK,Sat Nusapersada Tbk,PT Sat Nusapersada Tbk,JKT,id_market,EQUITY
CSRA.JK,Cisadane Sawit Raya Tbk.,PT Cisadane Sawit Raya Tbk,JKT,id_market,EQUITY
HDFA.JK,Radana Bhaskara Finance Tbk.,PT Radana Bhaskara Finance Tbk,JKT,id_market,EQUITY
PNGO.JK,Pinago Utama Tbk.,PT PINAGO UTAMA Tbk,JKT,id_market,EQUITY
MOLI.JK,Madusari Murni Indah Tbk.,PT Madusari Murni Indah Tbk,JKT,id_market,EQUITY
RODA.JK,Pikko Land Development Tbk.,PT Pikko Land Development Tbk,JKT,id_market,EQUITY
ALMI.JK,Alumindo Light Metal Industry T,PT Alumindo Light Metal Industry Tbk,JKT,id_market,EQUITY
INPS.JK,Indah Prakasa Sentosa Tbk.,PT. Indah Prakasa Sentosa Tbk,JKT,id_market,EQUITY
BRNA.JK,Berlina Tbk.,PT Berlina Tbk,JKT,id_market,EQUITY
ASGR.JK,Astra Graphia Tbk.,PT Astra Graphia Tbk,JKT,id_market,EQUITY
KBLI.JK,KMI Wire & Cable Tbk.,PT KMI Wire and Cable Tbk,JKT,id_market,EQUITY
JGLE.JK,Graha Andrasentra Propertindo T,PT Graha Andrasentra Propertindo Tbk.,JKT,id_market,EQUITY
DGIK.JK,Nusa Konstruksi Enjiniring Tbk.,PT Nusa Konstruksi Enjiniring Tbk,JKT,id_market,EQUITY
CEKA.JK,Wilmar Cahaya Indonesia Tbk.,PT Wilmar Cahaya Indonesia Tbk.,JKT,id_market,EQUITY
IPOL.JK,Indopoly Swakarsa Industry Tbk.,PT Indopoly Swakarsa Industry Tbk,JKT,id_market,EQUITY
LTLS.JK,Lautan Luas Tbk.,PT Lautan Luas Tbk,JKT,id_market,EQUITY
PMMP.JK,Panca Mitra Multiperdana Tbk.,PT Panca Mitra Multiperdana Tbk,JKT,id_market,EQUITY
ROCK.JK,Rockfields Properti Indonesia T,PT Rockfields Properti Indonesia Tbk.,JKT,id_market,EQUITY
TRIN.JK,Perintis Triniti Properti Tbk.,PT Perintis Triniti Properti Tbk,JKT,id_market,EQUITY
PBSA.JK,Paramita Bangun Sarana Tbk.,PT Paramita Bangun Sarana Tbk,JKT,id_market,EQUITY
DEWA.JK,Darma Henwa Tbk,PT Darma Henwa Tbk,JKT,id_market,EQUITY
TCID.JK,Mandom Indonesia Tbk.,PT. Mandom Indonesia Tbk,JKT,id_market,EQUITY
BEST.JK,Bekasi Fajar Industrial Estate ,PT Bekasi Fajar Industrial Estate Tbk,JKT,id_market,EQUITY
TOTL.JK,Total Bangun Persada Tbk.,PT Total Bangun Persada Tbk,JKT,id_market,EQUITY
ECII.JK,Electronic City Indonesia Tbk.,PT Electronic City Indonesia Tbk,JKT,id_market,EQUITY
BNBR.JK,Bakrie & Brothers Tbk,PT Bakrie & Brothers Tbk,JKT,id_market,EQUITY
ENRG.JK,Energi Mega Persada Tbk.,PT Energi Mega Persada Tbk,JKT,id_market,EQUITY
SAPX.JK,Satria Antaran Prima Tbk.,PT Satria Antaran Prima Tbk,JKT,id_market,EQUITY
WIFI.JK,Solusi Sinergi Digital Tbk.,PT Solusi Sinergi Digital Tbk,JKT,id_market,EQUITY
FMII.JK,Fortune Mate Indonesia Tbk,PT Fortune Mate Indonesia Tbk,JKT,id_market,EQUITY
JAWA.JK,Jaya Agra Wattie Tbk.,PT Jaya Agra Wattie Tbk,JKT,id_market,EQUITY
BELL.JK,Trisula Textile Industries Tbk.,PT Trisula Textile Industries Tbk,JKT,id_market,EQUITY
KBLV.JK,First Media Tbk.,PT First Media Tbk,JKT,id_market,EQUITY
NELY.JK,Pelayaran Nelly Dwi Putri Tbk.,PT Pelayaran Nelly Dwi Putri Tbk,JKT,id_market,EQUITY
EKAD.JK,Ekadharma International Tbk.,PT Ekadharma International Tbk,JKT,id_market,EQUITY
DEFI.JK,Danasupra Erapacific Tbk.,PT Danasupra Erapacific Tbk,JKT,id_market,EQUITY
RMKE.JK,RMK Energy Tbk.,PT RMK Energy Tbk,JKT,id_market,EQUITY
CFIN.JK,Clipan Finance Indonesia Tbk.,PT. Clipan Finance Indonesia Tbk,JKT,id_market,EQUITY
TPMA.JK,Trans Power Marine Tbk.,PT Trans Power Marine Tbk,JKT,id_market,EQUITY
HRTA.JK,Hartadinata Abadi Tbk.,PT Hartadinata Abadi Tbk,JKT,id_market,EQUITY
PBRX.JK,Pan Brothers Tbk.,PT Pan Brothers Tbk,JKT,id_market,EQUITY
IPCC.JK,Indonesia Kendaraan Terminal Tb,PT Indonesia Kendaraan Terminal Tbk,JKT,id_market,EQUITY
CCSI.JK,Communication Cable Systems Ind,PT Communication Cable Systems Indonesia Tbk,JKT,id_market,EQUITY
SSTM.JK,Sunson Textile Manufacture Tbk,PT Sunson Textile Manufacturer Tbk,JKT,id_market,EQUITY
INRU.JK,Toba Pulp Lestari Tbk.,PT Toba Pulp Lestari Tbk,JKT,id_market,EQUITY
GTSI.JK,GTS Internasional Tbk.,PT GTS Internasional Tbk,JKT,id_market,EQUITY
UVCR.JK,Trimegah Karya Pratama Tbk.,PT Trimegah Karya Pratama Tbk,JKT,id_market,EQUITY
UANG.JK,Pakuan Tbk.,"PT Pakuan, Tbk",JKT,id_market,EQUITY
CASS.JK,Cardig Aero Services Tbk.,PT Cardig Aero Services Tbk,JKT,id_market,EQUITY
MDLN.JK,Modernland Realty Tbk.,PT Modernland Realty Tbk,JKT,id_market,EQUITY
DGNS.JK,Diagnos Laboratorium Utama Tbk.,PT Diagnos Laboratorium Utama Tbk,JKT,id_market,EQUITY
PEHA.JK,Phapros Tbk.,"PT Phapros, Tbk",JKT,id_market,EQUITY
WIIM.JK,Wismilak Inti Makmur Tbk.,PT Wismilak Inti Makmur Tbk,JKT,id_market,EQUITY
PSKT.JK,Red Planet Indonesia Tbk.,PT Red Planet Indonesia Tbk,JKT,id_market,EQUITY
CITY.JK,Natura City Developments Tbk.,PT Natura City Developments Tbk,JKT,id_market,EQUITY
SMDM.JK,Suryamas Dutamakmur Tbk.,PT Suryamas Dutamakmur Tbk,JKT,id_market,EQUITY
IPPE.JK,Indo Pureco Pratama Tbk.,PT Indo Pureco Pratama Tbk,JKT,id_market,EQUITY
JIHD.JK,Jakarta International Hotels & ,PT Jakarta International Hotels & Development Tbk,JKT,id_market,EQUITY
PANS.JK,Panin Sekuritas Tbk.,PT Panin Sekuritas Tbk,JKT,id_market,EQUITY
TNCA.JK,Trimuda Nuansa Citra Tbk.,PT Trimuda Nuansa Citra Tbk,JKT,id_market,EQUITY
PJAA.JK,Pembangunan Jaya Ancol Tbk.,PT Pembangunan Jaya Ancol Tbk,JKT,id_market,EQUITY
SHID.JK,Hotel Sahid Jaya International ,PT Hotel Sahid Jaya International Tbk,JKT,id_market,EQUITY
ARTA.JK,Arthavest Tbk,PT Arthavest Tbk,JKT,id_market,EQUITY
JECC.JK,Jembo Cable Company Tbk.,PT Jembo Cable Company Tbk,JKT,id_market,EQUITY
ABBA.JK,Mahaka Media Tbk.,PT Mahaka Media Tbk,JKT,id_market,EQUITY
VRNA.JK,Verena Multi Finance Tbk.,PT. Verena Multi Finance Tbk,JKT,id_market,EQUITY
WINS.JK,Wintermar Offshore Marine Tbk.,PT Wintermar Offshore Marine Tbk,JKT,id_market,EQUITY
WOMF.JK,Wahana Ottomitra Multiartha Tbk,PT Wahana Ottomitra Multiartha Tbk,JKT,id_market,EQUITY
GDST.JK,Gunawan Dianjaya Steel Tbk.,PT Gunawan Dianjaya Steel Tbk,JKT,id_market,EQUITY
RELI.JK,Reliance Sekuritas Indonesia Tb,PT Reliance Sekuritas Indonesia Tbk,JKT,id_market,EQUITY
VIVA.JK,Visi Media Asia Tbk.,PT Visi Media Asia Tbk,JKT,id_market,EQUITY
TEBE.JK,Dana Brata Luhur Tbk.,PT Dana Brata Luhur Tbk,JKT,id_market,EQUITY
FUJI.JK,Fuji Finance Indonesia Tbk.,PT Fuji Finance Indonesia Tbk,JKT,id_market,EQUITY
RAJA.JK,Rukun Raharja Tbk.,PT Rukun Raharja Tbk,JKT,id_market,EQUITY
TRUE.JK,Triniti Dinamik Tbk.,PT Triniti Dinamik,JKT,id_market,EQUITY
KOTA.JK,DMS Propertindo Tbk.,PT DMS Propertindo Tbk,JKT,id_market,EQUITY
LPGI.JK,Lippo General Insurance Tbk.,PT Lippo General Insurance Tbk,JKT,id_market,EQUITY
SQMI.JK,Wilton Makmur Indonesia Tbk.,PT Wilton Makmur indonesia Tbk.,JKT,id_market,EQUITY
ARII.JK,Atlas Resources Tbk.,PT Atlas Resources Tbk,JKT,id_market,EQUITY
ADMG.JK,Polychem Indonesia Tbk,PT. Polychem Indonesia Tbk,JKT,id_market,EQUITY
BUDI.JK,Budi Starch & Sweetener Tbk.,PT Budi Starch & Sweetener Tbk,JKT,id_market,EQUITY
DART.JK,Duta Anggada Realty Tbk.,PT Duta Anggada Realty Tbk.,JKT,id_market,EQUITY
CARS.JK,Industri dan Perdagangan Bintra,PT Industri dan Perdagangan Bintraco Dharma Tbk,JKT,id_market,EQUITY
KIAS.JK,Keramika Indonesia Assosiasi Tb,PT Keramika Indonesia Assosiasi Tbk,JKT,id_market,EQUITY
PANI.JK,Pratama Abadi Nusa Industri Tbk,PT Pratama Abadi Nusa Industri Tbk,JKT,id_market,EQUITY
VOKS.JK,Voksel Electric Tbk.,PT Voksel Electric Tbk,JKT,id_market,EQUITY
STAR.JK,Buana Artha Anugerah Tbk.,PT Buana Artha Anugerah Tbk,JKT,id_market,EQUITY
MFMI.JK,Multifiling Mitra Indonesia Tbk,PT Multifiling Mitra Indonesia Tbk,JKT,id_market,EQUITY
DAYA.JK,Duta Intidaya Tbk.,PT Duta Intidaya Tbk,JKT,id_market,EQUITY
AISA.JK,FKS Food Sejahtera Tbk.,PT FKS Food Sejahtera Tbk,JKT,id_market,EQUITY
IATA.JK,Indonesia Transport & Infrastru,PT Indonesia Transport & Infrastructure Tbk,JKT,id_market,EQUITY
DFAM.JK,Dafam Property Indonesia Tbk.,PT Dafam Property Indonesia Tbk,JKT,id_market,EQUITY
NRCA.JK,Nusa Raya Cipta Tbk.,PT Nusa Raya Cipta Tbk,JKT,id_market,EQUITY
AKPI.JK,Argha Karya Prima Industry Tbk.,PT Argha Karya Prima Industry Tbk,JKT,id_market,EQUITY
NICL.JK,PAM Mineral Tbk.,PT PAM Mineral Tbk,JKT,id_market,EQUITY
ITMA.JK,Sumber Energi Andalan Tbk.,PT Sumber Energi Andalan Tbk,JKT,id_market,EQUITY
MYTX.JK,Asia Pacific Investama Tbk.,PT Asia Pacific Investama Tbk,JKT,id_market,EQUITY
IKAI.JK,Intikeramik Alamasri Industri T,PT Intikeramik Alamasri Industri Tbk,JKT,id_market,EQUITY
TRIS.JK,Trisula International Tbk.,PT Trisula International Tbk,JKT,id_market,EQUITY
DKFT.JK,Central Omega Resources Tbk.,PT Central Omega Resources Tbk,JKT,id_market,EQUITY
TRJA.JK,Transkon Jaya Tbk.,PT Transkon Jaya Tbk,JKT,id_market,EQUITY
SMMT.JK,Golden Eagle Energy Tbk.,PT Golden Eagle Energy Tbk,JKT,id_market,EQUITY
BATA.JK,Sepatu Bata Tbk.,PT Sepatu Bata Tbk.,JKT,id_market,EQUITY
NASA.JK,Andalan Perkasa Abadi Tbk.,PT Ayana Land International Tbk,JKT,id_market,EQUITY
FIRE.JK,Alfa Energi Investama Tbk.,PT Alfa Energi Investama Tbk,JKT,id_market,EQUITY
TBMS.JK,Tembaga Mulia Semanan Tbk.,PT Tembaga Mulia Semanan Tbk,JKT,id_market,EQUITY
PTPW.JK,Pratama Widya Tbk.,PT Pratama Widya Tbk,JKT,id_market,EQUITY
BBLD.JK,Buana Finance Tbk.,PT Buana Finance Tbk,JKT,id_market,EQUITY
BPTR.JK,Batavia Prosperindo Trans Tbk.,PT Batavia Prosperindo Trans Tbk,JKT,id_market,EQUITY
BKDP.JK,Bukit Darmo Property Tbk,PT Bukit Darmo Property Tbk,JKT,id_market,EQUITY
SKBM.JK,Sekar Bumi Tbk.,PT Sekar Bumi Tbk,JKT,id_market,EQUITY
BAJA.JK,Saranacentral Bajatama Tbk.,PT Saranacentral Bajatama Tbk,JKT,id_market,EQUITY
TARA.JK,Agung Semesta Sejahtera Tbk.,PT Sitara Propertindo Tbk,JKT,id_market,EQUITY
ARGO.JK,Argo Pantes Tbk,PT Argo Pantes Tbk,JKT,id_market,EQUITY
PADI.JK,Minna Padi Investama Sekuritas ,PT Minna Padi Investama Sekuritas Tbk,JKT,id_market,EQUITY
YPAS.JK,Yanaprima Hastapersada Tbk,PT Yanaprima Hastapersada Tbk,JKT,id_market,EQUITY
GEMA.JK,Gema Grahasarana Tbk.,PT Gema Grahasarana Tbk,JKT,id_market,EQUITY
EMDE.JK,Megapolitan Developments Tbk.,PT Megapolitan Developments Tbk,JKT,id_market,EQUITY
ALTO.JK,Tri Banyan Tirta Tbk.,PT Tri Banyan Tirta Tbk,JKT,id_market,EQUITY
GDYR.JK,Goodyear Indonesia Tbk.,PT Goodyear Indonesia Tbk,JKT,id_market,EQUITY
KOBX.JK,Kobexindo Tractors Tbk.,PT Kobexindo Tractors Tbk,JKT,id_market,EQUITY
PYFA.JK,Pyridam Farma Tbk,PT Pyridam Farma Tbk,JKT,id_market,EQUITY
MITI.JK,Mitra Investindo Tbk.,PT Mitra Investindo Tbk,JKT,id_market,EQUITY
REAL.JK,Repower Asia Indonesia Tbk.,PT Repower Asia Indonesia Tbk,JKT,id_market,EQUITY
PNSE.JK,Pudjiadi & Sons Tbk.,PT Pudjiadi and Sons Tbk,JKT,id_market,EQUITY
WICO.JK,Wicaksana Overseas Internationa,Pt Wicaksana Overseas International Tbk,JKT,id_market,EQUITY
SCNP.JK,Selaras Citra Nusantara Perkasa,PT Selaras Citra Nusantara Perkasa Tbk,JKT,id_market,EQUITY
MDKI.JK,Emdeki Utama Tbk.,PT Emdeki Utama Tbk,JKT,id_market,EQUITY
BSML.JK,Bintang Samudera Mandiri Lines ,PT Bintang Samudera Mandiri Lines Tbk,JKT,id_market,EQUITY
ASRM.JK,Asuransi Ramayana Tbk.,PT Asuransi Ramayana Tbk,JKT,id_market,EQUITY
TAXI.JK,Express Transindo Utama Tbk.,PT Express Transindo Utama Tbk,JKT,id_market,EQUITY
GAMA.JK,Aksara Global Development Tbk.,PT Aksara Global Development Tbk,JKT,id_market,EQUITY
INOV.JK,Inocycle Technology Group Tbk.,PT Inocycle Technology Group Tbk,JKT,id_market,EQUITY
SWAT.JK,Sriwahana Adityakarta Tbk.,PT Sriwahana Adityakarta Tbk,JKT,id_market,EQUITY
HDIT.JK,Hensel Davest Indonesia Tbk.,PT Hensel Davest Indonesia Tbk,JKT,id_market,EQUITY
POLA.JK,Pool Advista Finance Tbk.,PT Pool Advista Finance Tbk,JKT,id_market,EQUITY
GOLD.JK,Visi Telekomunikasi Infrastrukt,PT Visi Telekomunikasi Infrastruktur Tbk,JKT,id_market,EQUITY
NICK.JK,Charnic Capital Tbk.,PT Charnic Capital Tbk,JKT,id_market,EQUITY
ANDI.JK,Andira Agro Tbk.,"PT. Andira Agro, Tbk",JKT,id_market,EQUITY
KJEN.JK,Krida Jaringan Nusantara Tbk.,PT Krida Jaringan Nusantara Tbk,JKT,id_market,EQUITY
AKSI.JK,Maming Enam Sembilan Mineral Tb,PT Maming Enam Sembilan Mineral Tbk,JKT,id_market,EQUITY
MAGP.JK,Multi Agro Gemilang Plantation ,PT Multi Agro Gemilang Plantation Tbk,JKT,id_market,EQUITY
CNKO.JK,Exploitasi Energi Indonesia Tbk,PT Exploitasi Energi Indonesia Tbk,JKT,id_market,EQUITY
HAIS.JK,Hasnur Internasional Shipping T,PT Hasnur Internasional Shipping Tbk,JKT,id_market,EQUITY
KDSI.JK,Kedawung Setia Industrial Tbk.,PT Kedawung Setia Industrial Tbk,JKT,id_market,EQUITY
IGAR.JK,Champion Pacific Indonesia Tbk.,PT Champion Pacific Indonesia Tbk,JKT,id_market,EQUITY
INDO.JK,Royalindo Investa Wijaya Tbk.,PT Royalindo Investa Wijaya Tbk,JKT,id_market,EQUITY
KOPI.JK,Mitra Energi Persada Tbk.,PT Mitra Energi Persada Tbk,JKT,id_market,EQUITY
GZCO.JK,Gozco Plantations Tbk.,PT Gozco Plantations Tbk,JKT,id_market,EQUITY
GLVA.JK,Galva Technologies Tbk.,PT Galva Technologies Tbk,JKT,id_market,EQUITY
BAYU.JK,Bayu Buana Tbk,PT Bayu Buana Tbk,JKT,id_market,EQUITY
PURA.JK,Putra Rajawali Kencana Tbk.,PT Putra Rajawali Kencana Tbk,JKT,id_market,EQUITY
TALF.JK,Tunas Alfin Tbk.,PT Tunas Alfin Tbk,JKT,id_market,EQUITY
MGLV.JK,Panca Anugrah Wisesa Tbk.,PT Panca Anugrah Wisesa Tbk,JKT,id_market,EQUITY
IDPR.JK,Indonesia Pondasi Raya Tbk.,PT Indonesia Pondasi Raya Tbk,JKT,id_market,EQUITY
KBAG.JK,Karya Bersama Anugerah Tbk.,PT Karya Bersama Anugerah Tbk,JKT,id_market,EQUITY
EAST.JK,Eastparc Hotel Tbk.,PT Eastparc Hotel Tbk,JKT,id_market,EQUITY
GPRA.JK,Perdana Gapuraprima Tbk.,PT Perdana Gapuraprima Tbk,JKT,id_market,EQUITY
BEKS.JK,Bank Pembangunan Daerah Banten ,"PT. Bank Pembangunan Daerah Banten, Tbk",JKT,id_market,EQUITY
PURI.JK,Puri Global Sukses Tbk.,PT Puri Global Sukses Tbk,JKT,id_market,EQUITY
AGAR.JK,Asia Sejahtera Mina Tbk.,PT Asia Sejahtera Mina Tbk,JKT,id_market,EQUITY
LPIN.JK,Multi Prima Sejahtera Tbk,PT Multi Prima Sejahtera Tbk,JKT,id_market,EQUITY
DADA.JK,Diamond Citra Propertindo Tbk.,PT Diamond Citra Propertindo Tbk,JKT,id_market,EQUITY
ZONE.JK,Mega Perintis Tbk.,PT Mega Perintis Tbk,JKT,id_market,EQUITY
FITT.JK,Hotel Fitra International Tbk.,PT Hotel Fitra International Tbk,JKT,id_market,EQUITY
CASH.JK,Cashlez Worldwide Indonesia Tbk,PT Cashlez Worldwide Indonesia Tbk,JKT,id_market,EQUITY
KIOS.JK,Kioson Komersial Indonesia Tbk.,PT Kioson Komersial Indonesia Tbk,JKT,id_market,EQUITY
PCAR.JK,Prima Cakrawala Abadi Tbk.,PT Prima Cakrawala Abadi Tbk,JKT,id_market,EQUITY
KMDS.JK,Kurniamitra Duta Sentosa Tbk.,"PT Kurniamitra Duta Sentosa, Tbk",JKT,id_market,EQUITY
POLU.JK,Golden Flower Tbk.,"PT Golden Flower, Tbk",JKT,id_market,EQUITY
ZBRA.JK,Zebra Nusantara Tbk,PT Zebra Nusantara Tbk,JKT,id_market,EQUITY
NZIA.JK,Nusantara Almazia Tbk.,"PT Nusantara Almazia, Tbk.",JKT,id_market,EQUITY
TOYS.JK,Sunindo Adipersada Tbk.,PT Sunindo Adipersada Tbk,JKT,id_market,EQUITY
DYAN.JK,Dyandra Media International Tbk,PT Dyandra Media International Tbk,JKT,id_market,EQUITY
MINA.JK,Sanurhasta Mitra Tbk.,PT Sanurhasta Mitra Tbk,JKT,id_market,EQUITY
SRSN.JK,Indo Acidatama Tbk,PT Indo Acidatama Tbk,JKT,id_market,EQUITY
SBMA.JK,Surya Biru Murni Acetylene Tbk.,PT Surya Biru Murni Acetylene Tbk,JKT,id_market,EQUITY
AKKU.JK,Anugerah Kagum Karya Utama Tbk.,PT Anugerah Kagum Karya Utama Tbk,JKT,id_market,EQUITY
HRME.JK,Menteng Heritage Realty Tbk.,PT Menteng Heritage Realty Tbk,JKT,id_market,EQUITY
TRUS.JK,Trust Finance Indonesia Tbk,PT Trust Finance Indonesia Tbk,JKT,id_market,EQUITY
LCKM.JK,LCK Global Kedaton Tbk.,PT LCK Global Kedaton Tbk,JKT,id_market,EQUITY
LPLI.JK,Star Pacific Tbk,PT Star Pacific Tbk,JKT,id_market,EQUITY
CLPI.JK,Colorpak Indonesia Tbk.,PT Colorpak Indonesia Tbk,JKT,id_market,EQUITY
BINO.JK,Perma Plasindo Tbk.,PT Perma Plasindo Tbk,JKT,id_market,EQUITY
KONI.JK,Perdana Bangun Pusaka Tbk,PT Perdana Bangun Pusaka Tbk,JKT,id_market,EQUITY
PAMG.JK,Bima Sakti Pertiwi Tbk.,PT Bima Sakti Pertiwi Tbk,JKT,id_market,EQUITY
BTON.JK,Betonjaya Manunggal Tbk.,PT Betonjaya Manunggal Tbk,JKT,id_market,EQUITY
PANR.JK,Panorama Sentrawisata Tbk.,PT Panorama Sentrawisata Tbk,JKT,id_market,EQUITY
IKBI.JK,Sumi Indo Kabel Tbk.,PT Sumi Indo Kabel Tbk,JKT,id_market,EQUITY
NPGF.JK,Nusa Palapa Gemilang Tbk.,PT Nusa Palapa Gemilang Tbk,JKT,id_market,EQUITY
BMSR.JK,Bintang Mitra Semestaraya Tbk,PT Bintang Mitra Semestaraya Tbk,JKT,id_market,EQUITY
SNLK.JK,Sunter Lakeside Hotel Tbk.,PT Sunter Lakeside Hotel Tbk,JKT,id_market,EQUITY
NASI.JK,Wahana Inti Makmur Tbk.,PT Wahana Inti Makmur Tbk,JKT,id_market,EQUITY
OASA.JK,Protech Mitra Perkasa Tbk.,PT Protech Mitra Perkasa Tbk,JKT,id_market,EQUITY
UNSP.JK,Bakrie Sumatera Plantations Tbk,PT Bakrie Sumatera Plantations Tbk,JKT,id_market,EQUITY
LPPS.JK,Lenox Pasifik Investama Tbk.,PT Lenox Pasifik Investama Tbk,JKT,id_market,EQUITY
INCF.JK,Indo Komoditi Korpora Tbk.,PT Indo Komoditi Korpora Tbk,JKT,id_market,EQUITY
AYLS.JK,Agro Yasa Lestari Tbk.,PT Agro Yasa Lestari Tbk,JKT,id_market,EQUITY
BAPI.JK,Bhakti Agung Propertindo Tbk.,PT Bhakti Agung Propertindo Tbk,JKT,id_market,EQUITY
UNIQ.JK,Ulima Nitra Tbk.,PT Ulima Nitra Tbk,JKT,id_market,EQUITY
ERTX.JK,Eratex Djaja Tbk.,PT Eratex Djaja Tbk,JKT,id_market,EQUITY
RUNS.JK,Global Sukses Solusi Tbk.,PT Global Sukses Solusi Tbk,JKT,id_market,EQUITY
SOTS.JK,Satria Mega Kencana Tbk.,PT Satria Mega Kencana Tbk,JKT,id_market,EQUITY
MKNT.JK,Mitra Komunikasi Nusantara Tbk.,PT Mitra Komunikasi Nusantara Tbk,JKT,id_market,EQUITY
APLI.JK,Asiaplast Industries Tbk.,PT Asiaplast Industries Tbk,JKT,id_market,EQUITY
BIPP.JK,Bhuwanatala Indah Permai Tbk.,PT Bhuwanatala Indah Permai Tbk,JKT,id_market,EQUITY
HELI.JK,Jaya Trishindo Tbk.,PT Jaya Trishindo Tbk,JKT,id_market,EQUITY
BOBA.JK,Formosa Ingredient Factory Tbk.,PT Formosa Ingredient Factory Tbk,JKT,id_market,EQUITY
FLMC.JK,Falmaco Nonwoven Industri Tbk.,PT Falmaco Nonwoven Industri Tbk,JKT,id_market,EQUITY
PTDU.JK,Djasa Ubersakti Tbk.,PT Djasa Ubersakti Tbk,JKT,id_market,EQUITY
CINT.JK,Chitose Internasional Tbk.,PT Chitose Internasional Tbk,JKT,id_market,EQUITY
COCO.JK,Wahana Interfood Nusantara Tbk.,PT Wahana Interfood Nusantara Tbk,JKT,id_market,EQUITY
ITIC.JK,Indonesian Tobacco Tbk.,PT Indonesian Tobacco Tbk,JKT,id_market,EQUITY
TIRA.JK,Tira Austenite Tbk,PT Tira Austenite Tbk,JKT,id_market,EQUITY
TGRA.JK,Terregra Asia Energy Tbk.,PT. Terregra Asia Energy Tbk,JKT,id_market,EQUITY
SOSS.JK,Shield On Service Tbk.,PT Shield on Service Tbk,JKT,id_market,EQUITY
VINS.JK,Victoria Insurance Tbk.,PT Victoria Insurance Tbk,JKT,id_market,EQUITY
KBLM.JK,Kabelindo Murni Tbk.,PT Kabelindo Murni Tbk,JKT,id_market,EQUITY
MDRN.JK,Modern Internasional Tbk.,PT Modern Internasional Tbk,JKT,id_market,EQUITY
YELO.JK,Yelooo Integra Datanet Tbk.,PT Yelooo Integra Datanet Tbk,JKT,id_market,EQUITY
LUCK.JK,Sentral Mitra Informatika Tbk.,PT Sentral Mitra Informatika Tbk,JKT,id_market,EQUITY
PSDN.JK,Prasidha Aneka Niaga Tbk,PT Prasidha Aneka Niaga Tbk,JKT,id_market,EQUITY
BBSS.JK,Bumi Benowo Sukses Sejahtera Tb,PT Bumi Benowo Sukses Sejahtera Tbk,JKT,id_market,EQUITY
MICE.JK,Multi Indocitra Tbk.,PT Multi Indocitra Tbk,JKT,id_market,EQUITY
SBAT.JK,Sejahtera Bintang Abadi Textile,PT Sejahtera Bintang Abadi Textile Tbk,JKT,id_market,EQUITY
LAND.JK,Trimitra Propertindo Tbk.,PT Trimitra Propertindo Tbk,JKT,id_market,EQUITY
ALKA.JK,Alakasa Industrindo Tbk,PT Alakasa Industrindo Tbk,JKT,id_market,EQUITY
GLOB.JK,Globe Kita Terang Tbk.,PT Globe Kita Terang Tbk,JKT,id_market,EQUITY
MTWI.JK,Malacca Trust Wuwungan Insuranc,PT Malacca Trust Wuwungan Insurance Tbk,JKT,id_market,EQUITY
ESTI.JK,Ever Shine Tex Tbk.,PT Ever Shine Tex Tbk,JKT,id_market,EQUITY
INTA.JK,Intraco Penta Tbk.,PT Intraco Penta Tbk,JKT,id_market,EQUITY
TAYS.JK,Jaya Swarasa Agung Tbk.,PT Jaya Swarasa Agung Tbk,JKT,id_market,EQUITY
LEAD.JK,Logindo Samudramakmur Tbk.,PT Logindo Samudramakmur Tbk.,JKT,id_market,EQUITY
RBMS.JK,Ristia Bintang Mahkotasejati Tb,PT Ristia Bintang Mahkotasejati Tbk,JKT,id_market,EQUITY
MTPS.JK,Meta Epsi Tbk.,PT Meta Epsi Tbk.,JKT,id_market,EQUITY
PDES.JK,Destinasi Tirta Nusantara Tbk,PT Destinasi Tirta Nusantara Tbk,JKT,id_market,EQUITY
AHAP.JK,Asuransi Harta Aman Pratama Tbk,PT Asuransi Harta Aman Pratama Tbk,JKT,id_market,EQUITY
APII.JK,Arita Prima Indonesia Tbk.,PT Arita Prima Indonesia Tbk,JKT,id_market,EQUITY
POLY.JK,Asia Pacific Fibers Tbk,PT Asia Pacific Fibers Tbk,JKT,id_market,EQUITY
JSKY.JK,Sky Energy Indonesia Tbk.,PT Sky Energy Indonesia Tbk,JKT,id_market,EQUITY
AMIN.JK,Ateliers Mecaniques D Indonesie,PT Ateliers Mecaniques D'Indonesie Tbk,JKT,id_market,EQUITY
PGLI.JK,Pembangunan Graha Lestari Indah,PT Pembangunan Graha Lestari Indah Tbk,JKT,id_market,EQUITY
ATAP.JK,Trimitra Prawara Goldland Tbk.,PT Trimitra Prawara Goldland Tbk,JKT,id_market,EQUITY
PTIS.JK,Indo Straits Tbk.,PT Indo Straits Tbk,JKT,id_market,EQUITY
LMPI.JK,Langgeng Makmur Industri Tbk.,PT Langgeng Makmur Industri Tbk,JKT,id_market,EQUITY
WAPO.JK,Wahana Pronatural Tbk.,PT Wahana Pronatural Tbk,JKT,id_market,EQUITY
RIGS.JK,Rig Tenders Indonesia Tbk.,PT Rig Tenders Indonesia Tbk,JKT,id_market,EQUITY
SULI.JK,SLJ Global Tbk.,PT SLJ Global Tbk,JKT,id_market,EQUITY
MIRA.JK,Mitra International Resources T,PT Mitra International Resources Tbk,JKT,id_market,EQUITY
EPAC.JK,Megalestari Epack Sentosaraya T,PT Megalestari Epack Sentosaraya Tbk,JKT,id_market,EQUITY
ASDM.JK,Asuransi Dayin Mitra Tbk.,PT Asuransi Dayin Mitra Tbk,JKT,id_market,EQUITY
INAI.JK,Indal Aluminium Industry Tbk.,PT Indal Aluminium Industry Tbk,JKT,id_market,EQUITY
DSFI.JK,Dharma Samudera Fishing Industr,PT Dharma Samudera Fishing Industries Tbk,JKT,id_market,EQUITY
PRAS.JK,Prima Alloy Steel Universal Tbk,PT. Prima Alloy Steel Universal Tbk.,JKT,id_market,EQUITY
BBRM.JK,Pelayaran Nasional Bina Buana R,PT Pelayaran Nasional Bina Buana Raya Tbk,JKT,id_market,EQUITY
HOTL.JK,Saraswati Griya Lestari Tbk.,PT. Saraswati Griya Lestari Tbk,JKT,id_market,EQUITY
CSIS.JK,Cahayasakti Investindo Sukses T,PT Cahayasakti Investindo Sukses Tbk,JKT,id_market,EQUITY
SDPC.JK,Millennium Pharmacon Internatio,PT Millennium Pharmacon International Tbk,JKT,id_market,EQUITY
LION.JK,Lion Metal Works Tbk.,PT Lion Metal Works Tbk,JKT,id_market,EQUITY
HOPE.JK,Harapan Duta Pertiwi Tbk.,PT Harapan Duta Pertiwi Tbk,JKT,id_market,EQUITY
HKMU.JK,HK Metals Utama Tbk.,PT HK Metals Utama Tbk,JKT,id_market,EQUITY
JMAS.JK,Asuransi Jiwa Syariah Jasa Mitr,PT Asuransi Jiwa Syariah Jasa Mitra Abadi Tbk,JKT,id_market,EQUITY
DIGI.JK,Arkadia Digital Media Tbk.,PT Arkadia Digital Media Tbk,JKT,id_market,EQUITY
WEHA.JK,WEHA Transportasi Indonesia Tbk,PT WEHA Transportasi Indonesia Tbk,JKT,id_market,EQUITY
CBMF.JK,Cahaya Bintang Medan Tbk.,PT Cahaya Bintang Medan Tbk,JKT,id_market,EQUITY
BIMA.JK,Primarindo Asia Infrastructure ,PT Primarindo Asia Infrastructure Tbk.,JKT,id_market,EQUITY
BLUE.JK,Berkah Prima Perkasa Tbk.,PT Berkah Prima Perkasa Tbk,JKT,id_market,EQUITY
RUIS.JK,Radiant Utama Interinsco Tbk.,PT Radiant Utama Interinsco Tbk,JKT,id_market,EQUITY
WGSH.JK,Wira Global Solusi Tbk.,PT Wira Global Solusi Tbk,JKT,id_market,EQUITY
BIKA.JK,Binakarya Jaya Abadi Tbk.,PT Binakarya Jaya Abadi Tbk,JKT,id_market,EQUITY
ESTA.JK,Esta Multi Usaha Tbk.,PT Esta Multi Usaha Tbk,JKT,id_market,EQUITY
JAST.JK,Jasnita Telekomindo Tbk.,PT. Jasnita Telekomindo Tbk,JKT,id_market,EQUITY
KOIN.JK,Kokoh Inti Arebama Tbk,PT Kokoh Inti Arebama Tbk,JKT,id_market,EQUITY
LABA.JK,Ladangbaja Murni Tbk.,PT Ladangbaja Murni Tbk,JKT,id_market,EQUITY
TMPO.JK,Tempo Intimedia Tbk.,PT Tempo Inti Media Tbk,JKT,id_market,EQUITY
INTD.JK,Inter Delta Tbk,PT Inter Delta Tbk,JKT,id_market,EQUITY
JAYA.JK,Armada Berjaya Trans Tbk.,PT Armada Berjaya Trans Tbk,JKT,id_market,EQUITY
MBTO.JK,Martina Berto Tbk.,PT Martina Berto Tbk,JKT,id_market,EQUITY
OKAS.JK,Ancora Indonesia Resources Tbk.,PT Ancora Indonesia Resources Tbk,JKT,id_market,EQUITY
OPMS.JK,Optima Prima Metal Sinergi Tbk.,PT Optima Prima Metal Sinergi Tbk,JKT,id_market,EQUITY
BEEF.JK,Estika Tata Tiara Tbk.,PT Estika Tata Tiara Tbk,JKT,id_market,EQUITY
SATU.JK,Kota Satu Properti Tbk.,PT Kota Satu Properti Tbk,JKT,id_market,EQUITY
SDMU.JK,Sidomulyo Selaras Tbk.,PT Sidomulyo Selaras Tbk,JKT,id_market,EQUITY
SAFE.JK,Steady Safe Tbk,PT Steady Safe Tbk,JKT,id_market,EQUITY
DPNS.JK,Duta Pertiwi Nusantara Tbk.,PT Duta Pertiwi Nusantara Tbk,JKT,id_market,EQUITY
BCIP.JK,Bumi Citra Permai Tbk.,PT Bumi Citra Permai Tbk,JKT,id_market,EQUITY
LFLO.JK,Imago Mulia Persada Tbk.,PT Imago Mulia Persada Tbk,JKT,id_market,EQUITY
WOWS.JK,Ginting Jaya Energi Tbk.,PT Ginting Jaya Energi Tbk,JKT,id_market,EQUITY
CANI.JK,Capitol Nusantara Indonesia Tbk,PT Capitol Nusantara Indonesia Tbk,JKT,id_market,EQUITY
IDEA.JK,Idea Indonesia Akademi Tbk.,PT Idea Indonesia Akademi Tbk,JKT,id_market,EQUITY
SINI.JK,Singaraja Putra Tbk.,PT Singaraja Putra Tbk,JKT,id_market,EQUITY
TIRT.JK,Tirta Mahakam Resources Tbk,PT Tirta Mahakam Resources Tbk,JKT,id_market,EQUITY
CAKK.JK,Cahayaputra Asa Keramik Tbk.,PT Cahayaputra Asa Keramik Tbk,JKT,id_market,EQUITY
IPAC.JK,Era Graharealty Tbk.,PT Era Graharealty Tbk,JKT,id_market,EQUITY
KUAS.JK,Ace Oldfields Tbk.,PT Ace Oldfields Tbk,JKT,id_market,EQUITY
INCI.JK,Intanwijaya Internasional Tbk,PT Intanwijaya Internasional Tbk,JKT,id_market,EQUITY
MRAT.JK,Mustika Ratu Tbk.,PT Mustika Ratu Tbk,JKT,id_market,EQUITY
PURE.JK,Trinitan Metals and Minerals Tb,PT Trinitan Metals and Minerals Tbk,JKT,id_market,EQUITY
ICON.JK,Island Concepts Indonesia Tbk.,PT Island Concepts Indonesia Tbk,JKT,id_market,EQUITY
ASJT.JK,Asuransi Jasa Tania Tbk.,PT Asuransi Jasa Tania Tbk,JKT,id_market,EQUITY
ENZO.JK,Morenzo Abadi Perkasa Tbk.,PT Morenzo Abadi Perkasa Tbk,JKT,id_market,EQUITY
PUDP.JK,Pudjiadi Prestige Tbk.,PT Pudjiadi Prestige Tbk,JKT,id_market,EQUITY
HADE.JK,Himalaya Energi Perkasa Tbk.,PT Himalaya Energi Perkasa Tbk,JKT,id_market,EQUITY
PPGL.JK,Prima Globalindo Logistik Tbk.,PT Prima Globalindo Logistik Tbk,JKT,id_market,EQUITY
ASBI.JK,Asuransi Bintang Tbk.,PT Asuransi Bintang Tbk,JKT,id_market,EQUITY
ARKA.JK,Arkha Jayanti Persada Tbk.,PT Arkha Jayanti Persada Tbk,JKT,id_market,EQUITY
PKPK.JK,Perdana Karya Perkasa Tbk,PT Perdana Karya Perkasa Tbk,JKT,id_market,EQUITY
FORU.JK,Fortune Indonesia Tbk,PT Fortune Indonesia Tbk,JKT,id_market,EQUITY
BOSS.JK,Borneo Olah Sarana Sukses Tbk.,PT. Borneo Olah Sarana Sukses Tbk,JKT,id_market,EQUITY
AIMS.JK,Akbar Indo Makmur Stimec Tbk,PT Akbar Indo Makmur Stimec Tbk,JKT,id_market,EQUITY
OBMD.JK,OBM Drilchem Tbk.,PT OBM Drilchem Tbk,JKT,id_market,EQUITY
TRUK.JK,Guna Timur Raya Tbk.,PT Guna Timur Raya Tbk,JKT,id_market,EQUITY
GPSO.JK,Geoprima Solusi Tbk.,PT. Geoprima Solusi Tbk,JKT,id_market,EQUITY
KARW.JK,ICTSI Jasa Prima Tbk.,PT ICTSI Jasa Prima Tbk,JKT,id_market,EQUITY
FOOD.JK,Sentra Food Indonesia Tbk.,PT Sentra Food Indonesia Tbk,JKT,id_market,EQUITY
MPOW.JK,Megapower Makmur Tbk.,PT Megapower Makmur Tbk,JKT,id_market,EQUITY
IBFN.JK,Intan Baruprana Finance Tbk.,PT Intan Baruprana Finance Tbk,JKT,id_market,EQUITY
ESIP.JK,Sinergi Inti Plastindo Tbk.,PT Sinergi Inti Plastindo Tbk,JKT,id_market,EQUITY
KICI.JK,Kedaung Indah Can Tbk,PT Kedaung Indah Can Tbk,JKT,id_market,EQUITY
IKAN.JK,Era Mandiri Cemerlang Tbk.,PT Era Mandiri Cemerlang Tbk,JKT,id_market,EQUITY
LMAS.JK,Limas Indonesia Makmur Tbk,PT Limas Indonesia Makmur Tbk,JKT,id_market,EQUITY
INDX.JK,Tanah Laut Tbk,PT Tanah Laut Tbk,JKT,id_market,EQUITY
SOFA.JK,Boston Furniture Industries Tbk,PT Boston Furniture Industries Tbk,JKT,id_market,EQUITY
LMSH.JK,Lionmesh Prima Tbk.,PT Lionmesh Prima Tbk,JKT,id_market,EQUITY
LRNA.JK,Eka Sari Lorena Transport Tbk.,PT Eka Sari Lorena Transport Tbk,JKT,id_market,EQUITY
RICY.JK,Ricky Putra Globalindo Tbk,PT Ricky Putra Globalindo Tbk,JKT,id_market,EQUITY
MTSM.JK,Metro Realty Tbk.,PT Metro Realty Tbk,JKT,id_market,EQUITY
CTTH.JK,Citatah Tbk.,PT Citatah Tbk,JKT,id_market,EQUITY
PGJO.JK,Tourindo Guide Indonesia Tbk.,PT Tourindo Guide Indonesia Tbk,JKT,id_market,EQUITY
LUCY.JK,Lima Dua Lima Tiga Tbk.,PT Lima Dua Lima Tiga Tbk,JKT,id_market,EQUITY
CNTX.JK,Century Textile Industry Tbk.,PT Century Textile Industry Tbk,JKT,id_market,EQUITY
DEAL.JK,Dewata Freightinternational Tbk,PT Dewata Freightinternational Tbk,JKT,id_market,EQUITY
PICO.JK,Pelangi Indah Canindo Tbk,PT Pelangi Indah Canindo Tbk,JKT,id_market,EQUITY
TAMA.JK,Lancartama Sejati Tbk.,PT Lancartama Sejati Tbk,JKT,id_market,EQUITY
ASPI.JK,Andalan Sakti Primaindo Tbk.,"PT Andalan Sakti Primaindo, Tbk",JKT,id_market,EQUITY
BAPA.JK,Bekasi Asri Pemula Tbk.,PT Bekasi Asri Pemula Tbk,JKT,id_market,EQUITY
KAYU.JK,Darmi Bersaudara Tbk.,PT Darmi Bersaudara Tbk,JKT,id_market,EQUITY
PLAN.JK,Planet Properindo Jaya Tbk.,PT Planet Properindo Jaya Tbk,JKT,id_market,EQUITY
FIMP.JK,Fimperkasa Utama Tbk.,PT Fimperkasa Utama Tbk,JKT,id_market,EQUITY
ESGSKEHATI.JK,,,JKT,id_market,EQUITY
DCII.JK,DCI Indonesia Tbk.,PT DCI Indonesia Tbk,JKT,id_market,EQUITY
BINO-W.JK,,,JKT,id_market,EQUITY
OILS-W.JK,,,JKT,id_market,EQUITY
SBMA-W.JK,,,JKT,id_market,EQUITY
OILS.JK,Indo Oil Perkasa Tbk.,PT Indo Oil Perkasa Tbk,JKT,id_market,EQUITY
GPSO-W.JK,,,JKT,id_market,EQUITY
KUAS-W.JK,,,JKT,id_market,EQUITY
ADMR.JK,,PT Adaro Minerals Indonesia Tbk,JKT,id_market,EQUITY
OBMD-W.JK,,,JKT,id_market,EQUITY
ZYRX.JK,Zyrexindo Mandiri Buana Tbk.,PT Zyrexindo Mandiri Buana Tbk,JKT,id_market,EQUITY
ESGQKEHATI.JK,,,JKT,id_market,EQUITY
